<application>
  <component name="MessDetector">
    <phpmd_settings_migrated />
  </component>
  <component name="PhpCodeSniffer">
    <phpcs_settings_migrated />
  </component>
  <component name="PhpInterpreters">
    <interpreters>
      <interpreter id="400caa83-fe96-4992-868e-5a0fee26ae87" name="PHP 7.1" home="/usr/local/bin/php" debugger_id="php.debugger.XDebug" />
    </interpreters>
  </component>
  <component name="PhpInterpretersPhpInfoCache">
    <phpInfoCache>
      <interpreter name="PHP 7.1">
        <phpinfo binary_type="PHP" php_cgi="/usr/local/bin/php-cgi" php_cli="/usr/local/bin/php" path_separator=":" version="7.1.24">
          <additional_php_ini />
          <configuration_file>/usr/local/lib/php.ini</configuration_file>
          <configuration_options>
            <configuration_option name="include_path" value=".:/usr/local/lib/php" />
          </configuration_options>
          <debuggers>
            <debugger_info debugger="xdebug" debugger_version="2.7.2">
              <debug_extensions />
            </debugger_info>
          </debuggers>
          <loaded_extensions>
            <extension name="Core" />
            <extension name="PDO" />
            <extension name="Phar" />
            <extension name="Reflection" />
            <extension name="SPL" />
            <extension name="SimpleXML" />
            <extension name="bcmath" />
            <extension name="ctype" />
            <extension name="curl" />
            <extension name="date" />
            <extension name="dom" />
            <extension name="exif" />
            <extension name="fileinfo" />
            <extension name="filter" />
            <extension name="hash" />
            <extension name="iconv" />
            <extension name="json" />
            <extension name="libxml" />
            <extension name="mbstring" />
            <extension name="mysqli" />
            <extension name="mysqlnd" />
            <extension name="openssl" />
            <extension name="pcre" />
            <extension name="pdo_mysql" />
            <extension name="pdo_sqlite" />
            <extension name="posix" />
            <extension name="session" />
            <extension name="sqlite3" />
            <extension name="standard" />
            <extension name="tokenizer" />
            <extension name="xdebug" />
            <extension name="xml" />
            <extension name="xmlreader" />
            <extension name="xmlwriter" />
            <extension name="zip" />
            <extension name="zlib" />
          </loaded_extensions>
        </phpinfo>
      </interpreter>
    </phpInfoCache>
  </component>
</application>