<application>
  <component name="PowerModeII">
    <option name="blueFrom" value="66" />
    <option name="blueTo" value="224" />
    <option name="customBamImageFolder" value="$USER_HOME$" />
    <option name="customFlameImageFolder" value="$USER_HOME$" />
    <option name="flamesEnabled" value="false" />
    <option name="greenFrom" value="9" />
    <option name="isPowerIndicatorEnabled" value="false" />
    <option name="shakeEnabled" value="false" />
    <option name="soundsFolder" value="$USER_HOME$" />
    <option name="sparkCount" value="11" />
    <option name="sparkLife" value="1702" />
  </component>
</application>